oucode,is_hmi_listing_enabled,is_hmi_scheduling_enabled,is_hmi_pubhub_enabled,court_centre_id,court_id
A01AF00,false,false,false,42f44290-c183-3cab-9fbe-e22fc25a5fe4,null
A01BE00,false,false,false,5907faec-be0c-37dc-8513-4685b74ae9ae,null
A01CT00,false,false,false,05cf1c11-c18d-3b05-ae56-0c8f6d7264bf,null
A01CU00,false,false,false,a6f142d3-432d-3c0b-b734-4dfd90918d95,null
A01CV00,false,false,false,765fe3e9-5072-3fa1-b6c8-6bc4e6e36ae9,null
A01CW00,false,false,false,d6f8fcf1-520e-3170-8cd6-0cee56d61a6d,null
A01CX00,false,false,false,adea656b-c18d-3f67-8a9f-40773f9d1154,null
A01CY00,false,false,false,91b40b2c-65c2-3b51-9ad5-0cf7ec0790c2,null
A01DL00,false,false,false,2435f21d-f7fa-302f-952a-921120d689f5,null
A01DM00,false,false,false,20128023-7cd9-3020-8667-c6a4eabbaf9c,null
A01DN00,false,false,false,5b79e632-0607-31d7-b4d1-a8093dc95c09,null
A01DO00,false,false,false,60d67aa4-010d-3213-8655-7553ce6ce5c2,null
A03AA00,false,false,false,ddd2dac4-68a8-3783-aa88-50d5bf0e398a,null
A03AB00,false,false,false,7d6c1e48-2d03-3569-868f-aeefb806139f,null
A03ACXX,false,false,false,87c2abcf-5f42-364b-b4c5-aaa9fa0e13e6,null
A03ADXX,false,false,false,ec8018bc-3b08-37fd-bfba-827b9cbfbf73,null
A04AA00,false,false,false,7863ff5a-36c5-3f25-a118-07ebe0686544,null
A04AB00,false,false,false,513a2698-ff82-3ba3-84bd-6c2ebf12c0fd,null
A04AC00,false,false,false,93505e4e-4892-342a-89e0-1615b935a65e,null
A04AD00,false,false,false,bb64375f-787c-37ef-9f84-24ddb44609e6,null
A04AE00,false,false,false,dc540483-a93e-300c-a5aa-3d08e72b5ff3,null
A04AF00,false,false,false,bf44c0af-32bf-3276-bab1-caf54ac98dbd,null
A04AG00,false,false,false,e0d22097-58e1-382d-a0de-53cdf4a69088,null
A04AH00,false,false,false,48901ce6-704d-3af0-9c6c-f2a640753256,null
A04AI00,false,false,false,7e749572-be43-3eae-90ae-9ceee410c99b,null
A04AJ00,false,false,false,1d9b9ed1-50b4-30a7-b429-de51e088284a,null
A04AK00,false,false,false,d471d218-15f3-3306-8d69-3aafc6d29f31,null
A04AL00,false,false,false,3d94d21d-168b-3efa-a794-e1b3fef89149,null
A04AM00,false,false,false,334e87f4-bfad-3100-ad55-3c6becfd5b31,null
A04AN00,false,false,false,caba726d-e2f8-3150-8194-67ac5ddc1715,null
A04AO00,false,false,false,808a56b8-05af-37a2-97de-7031662fa439,null
A04AP00,false,false,false,e6eed5b8-cdd4-3ed0-9628-54abfac64e4a,null
A04AQ00,false,false,false,f1207e9f-9738-3c6e-b96b-d1158eb56aab,null
A04AR00,false,false,false,e1ae2c9a-1315-3763-91bd-cbf260c758ca,null
A04AS00,false,false,false,397ab539-81a7-31f9-a441-9e7b8d1df400,null
A04AT00,false,false,false,7bb1b5cc-a856-3e0f-9768-fa73873f93c8,null
A04AU00,false,false,false,333b04be-ca58-3429-add9-aedbb9a3f2e3,null
A05AJ00,false,false,false,3429384a-6cf9-3457-8358-921a67ed3d1b,null
A05AQ00,false,false,false,523f58eb-c647-3c3a-a4a4-355f9189afaf,null
A05AR00,false,false,false,65000b87-c73b-318a-8497-b6ce8ecebc46,null
A05AS00,false,false,false,8335be2c-e4d4-35a9-a732-e542ca7d30a8,null
A06ABXX,false,false,false,1e783747-1dd8-3ae7-a45d-1f7131557903,null
A06ACXX,false,false,false,ddb89672-b6ad-3899-8100-d17c886c0ef1,null
A06ADXX,false,false,false,93e6ece8-9e6e-3a84-8613-1cc67a63c8a0,null
A06AEXX,false,false,false,f47d5bbb-f9ea-35da-845a-8ec93d795104,null
A06AF00,false,false,false,142ef321-ef7c-38da-bb2e-8bfcec6e891c,null
A06AGXX,false,false,false,fb34d646-2e89-31a6-8888-b67113e05ea0,null
A06AHXX,false,false,false,768cfd28-5063-3a84-bc81-3d88b1827ceb,null
A06AIXX,false,false,false,232f670e-1a23-35a5-92e1-134751a60e4c,null
A06AJXX,false,false,false,6618fc1a-c24e-3cef-be85-12c05eff2db5,null
A06AKXX,false,false,false,f92ec3cd-484f-3977-95c7-cc586f7467d6,null
A06ALXX,false,false,false,91ec1fab-092c-3ecf-be9e-3319bc716df6,null
A06AM00,false,false,false,1e609446-c197-37cd-8b90-8569cc5cc9f8,null
A06ANXX,false,false,false,2f4c37ec-0e09-34da-acad-95fe40b9e62e,null
A06AOXX,false,false,false,b5d0ecf3-c39e-37f5-9555-7e54df052709,null
A06APXX,false,false,false,a09ac47b-038e-3fd2-b77a-8aeb1e9dc53b,null
A06AQXX,false,false,false,8fb526f7-130f-32e2-8a3c-c4cf60cdabd4,null
A06ARXX,false,false,false,3b158e65-d1ab-3dbb-a68b-46b41e3cfdfe,null
A06ASXX,false,false,false,5f5f02a1-197b-3983-860c-150200bb87a3,null
A06BAXX,false,false,false,73a1c26c-cc5b-33dc-80ec-9247d5f049c0,null
A06BTXX,false,false,false,5ed5fbb8-67b9-31ab-830e-ed44450729d3,null
A06XXXX,false,false,false,7a17136b-d0d2-349a-a93a-81f98e1a305d,null
A07AB00,false,false,false,6c4d4763-8f0c-3278-8717-a1959c2fa6e3,null
A07AC00,false,false,false,6464b51e-3175-3fe6-a961-69af3e26133d,null
A07AD00,false,false,false,c43525df-5a48-38ec-91d2-d74489373056,null
A07AE00,false,false,false,e43c572f-c50a-3d5d-a3e2-4576eec33471,null
A07AF00,false,false,false,bc4864ca-4b22-3449-9716-a8db1db89905,null
A07AG00,false,false,false,862516cc-7141-3502-9d5a-ca49f88fa5fa,null
A07AH00,false,false,false,2f84e27d-7c4a-37d4-b379-167912de93d1,null
A07AI00,false,false,false,12ff65c3-a2b3-3f5e-b50c-be83300cb0f1,null
A07AJ00,false,false,false,e8259b0a-fd06-307e-88e9-74a5509b578f,null
A10AE00,false,false,false,479c75c4-505c-396a-bf16-bdce7655a426,null
A10AFXX,false,false,false,d2708e8e-605e-323b-9a23-79065e176bd1,null
A10AG00,false,false,false,0ec5a3c4-0d3a-385c-aeaf-37a113cb6430,null
A10AHXX,false,false,false,33398df3-531f-3227-9cee-4bc055a95f95,null
A10AIXX,false,false,false,785078b7-363a-329e-a8a5-721453157e0d,null
A10AJ00,false,false,false,6b921e7b-745e-35ef-8692-56f003365e03,null
A10AKXX,false,false,false,696fbaee-5daa-38f1-b5e1-ca2f20e34766,null
A10XXXX,false,false,false,df5efea9-9f92-3f83-becb-303cea27b916,null
A11AA00,false,false,false,d8ace000-9884-3aa9-a491-cf974ef5eeb7,null
A11ABXX,false,false,false,f33a2748-470b-32b4-9944-69a6ab4aaa26,null
A11XXXX,false,false,false,0ecc1b79-d65e-39d7-beb1-6f137d87385b,null
A12AC00,false,false,false,5ad6a294-12c7-3bfa-957d-c7600a5f47e5,null
A12AG00,false,false,false,a46bf1a4-c1ad-3ab1-97e8-5ed70bc7779c,null
A12AH00,false,false,false,423f6ddc-19b6-3e94-8dd4-bfe03bf3e728,null
A13AA00,false,false,false,1b981be9-5bf2-388b-9dc0-e10f4f74faae,null
A13AGXX,false,false,false,daa2e718-aafd-3138-a581-278dc02785d1,null
A13AK00,false,false,false,c369eb25-940b-31b8-955a-5f64ed4db7ff,null
A13AO00,false,false,false,2c056baf-4d73-3f67-8c6a-cf5372e90c50,null
A14AAXX,false,false,false,e9168c8d-5c43-355f-92f7-0c2131b901a5,null
A14ABXX,false,false,false,adb1e5a3-6083-3707-9c08-df5315937d37,null
A14ACXX,false,false,false,b0be13a3-669b-3255-94e6-e7b29b544113,null
A14AD00,false,false,false,8ee43d85-3d6b-3699-86a1-f63d060b5f19,null
A14AE00,false,false,false,35bbe667-06cd-361a-af88-4d35a5ac4481,null
A14AF00,false,false,false,8d00bab2-5867-3eb8-9caa-2c0b3bb7ef9d,null
A16AC00,false,false,false,8e629cfe-e411-3577-99a6-47826527c62e,null
A16AD00,false,false,false,97dd2742-fe0e-3b33-9a68-c0472b7942fb,null
A16AF00,false,false,false,93db27f4-fc8e-35b7-b8b2-d5b0b5b1963f,null
A17AB00,false,false,false,f6bca3f0-079f-3999-beb0-e7c2afc537fd,null
A17XXXX,false,false,false,cae7b702-ea7a-3064-ba7b-867a7623b5b2,null
A20AD00,false,false,false,027342f1-31ce-3501-beb4-a4f1988c92b2,null
A20BCXX,false,false,false,5b90b3ec-4fe7-33b9-a3d7-7eeed574c63c,null
A20BD00,false,false,false,896faa0b-7b38-3e9b-8dd9-612b6378c145,null
A20BE00,false,false,false,c86e1c7e-7e65-3ce6-9c50-f6754f0d8221,null
A21AC00,false,false,false,1cf3c994-2f49-30e2-b096-9a7ebd60d3bc,null
A21AD00,false,false,false,674d8aa9-df6c-332a-b02b-85c10a56fb13,null
A21AE00,false,false,false,25ff758d-b534-3771-a2eb-5a345589d297,null
A22BL00,false,false,false,2fd27d98-18ef-3fba-983e-d83e544265c2,null
A22BM00,false,false,false,536779c2-ae03-35d0-b5ac-a342f538b5cd,null
A22BN00,false,false,false,98382773-e921-3bcc-ba1e-b802bcdc7733,null
A23AA00,false,false,false,a895b81c-d650-389d-a4be-cce1bbc192e4,null
A23AB00,false,false,false,bdcbc080-9970-3bee-aa98-3e90ca946fbf,null
A30AB00,false,false,false,fcb46ba5-cf2b-3ecb-abd5-39afb17bd492,null
A30AC00,false,false,false,3849a72b-b307-35b8-8763-e737a5cc5c46,null
A31AAXX,false,false,false,1a9a59e5-e1b0-3b36-9318-aa5ccbf13f3e,null
A31ABXX,false,false,false,94c75737-aea6-3f96-a59d-a0b000e576a8,null
A31ACXX,false,false,false,b8933e59-a427-30ba-8668-3565d8e6b68e,null
A31ADXX,false,false,false,7736f863-67cf-30f0-86b5-8c0c31201977,null
A31AE00,false,false,false,20d97c49-a869-3c3c-b447-779c2b1bb529,null
A31AFXX,false,false,false,c18d5959-9209-3e4d-a568-b4c13213dbe2,null
A31AH00,false,false,false,e65034b3-8a8f-3f91-b840-8031a30f3d3b,null
A31AIXX,false,false,false,f3667566-fcce-3fef-9d16-a2d8dfc6d61c,null
A31AJ00,false,false,false,c9677d56-025f-35e9-8965-8df5cb07bcd6,null
A31AK00,false,false,false,f95b4ac4-99f4-3c63-8de3-977680eeb7cd,null
A32AC00,false,false,false,e9c09902-61c9-3ef9-8014-f27254be1a7b,null
A32AF00,false,false,false,820d2393-5181-3bbb-b940-ca7b80c26c83,null
A33AA00,false,false,false,4c89337d-8a52-3e58-bb8e-dfc2f09fae44,null
A33AC00,false,false,false,37d24d5e-2fed-349a-be6a-dc52a839ba8a,null
A33AF00,false,false,false,8d937c8d-75da-3952-8921-37168ac07a36,null
A34AA00,false,false,false,f9bd73e1-3098-370f-8fc0-74ba8b4cd048,null
A34AB00,false,false,false,eafc822d-3879-3df8-92d2-c7bf3772de51,null
A34AD00,false,false,false,54d244ce-9c25-3050-a43b-1fa7200ed1f1,null
A35AA00,false,false,false,bb3a9659-75c7-3db1-b24d-e28102b0fea8,null
A35AB00,false,false,false,6657ca0f-6149-347c-9c5d-334fa58402c6,null
A35AC00,false,false,false,4f131272-fc34-3e7a-a17a-81ec6e9ebbaf,null
A35AD00,false,false,false,d14815a2-dfab-30e1-8c8c-9675ab9efa88,null
A35AE00,false,false,false,b65e59c4-0e1b-3e82-8ede-67e3ac0a17c6,null
A35AF00,false,false,false,14d5a819-6b3a-32f1-9995-d2a69cede42c,null
A36AA00,false,false,false,c1985ccf-b236-3613-92c4-3335c6fda7f1,null
A36AB00,false,false,false,4affc111-2889-3df4-9b68-0cb253378258,null
A36AC00,false,false,false,5c5152f4-673c-3deb-9f98-922d3f69f6b2,null
A37AB00,false,false,false,98601586-2a5d-3541-9caa-a28aa11c574b,null
A40AAXX,false,false,false,e05d3ddf-7fec-378f-b872-a8493d3b3357,null
A40ABXX,false,false,false,d0981317-c2d5-3754-ba71-de3d62be1080,null
A40AC00,false,false,false,bcae8a9b-160a-3c91-9a29-bd277f900e24,null
A41AA00,false,false,false,96eb134b-599e-35a6-bd88-382727433e52,null
A41AAXX,false,false,false,3bf93234-84a7-32df-9e95-c131f8092404,null
A41AB00,false,false,false,75a518c9-09df-3df6-af28-b1157739a9e8,null
A41ADXX,false,false,false,5eed9ec5-632c-3b27-b075-c7bba3aed565,null
A42AA00,false,false,false,a11363a4-01ba-3ae5-820e-57c901d2ae80,null
A42AC00,false,false,false,21c524f7-a341-337a-abd3-14700f660a16,null
A42AF00,false,false,false,c14a1f45-5233-3738-aad0-37f8221eaa5f,null
A42AG00,false,false,false,f9107a70-6903-3d7c-845e-eed16e2cfef6,null
A43AA00,false,false,false,24281f46-007a-3366-9896-b95117daf368,null
A43ABXX,false,false,false,118bff03-28ec-3abc-81d0-829011a9ef50,null
A43AC00,false,false,false,c45035f5-1685-305d-81ae-e723377a4a1f,null
A43ADXX,false,false,false,e4517bcc-271a-3c71-877f-34ea3cc5b806,null
A43AE00,false,false,false,a5098055-219e-3129-9448-d43158b857df,null
A43AFXX,false,false,false,62ebb233-ab83-3a41-b031-c864263d656c,null
A43AG00,false,false,false,65376fa0-484a-3be4-aa16-6c83c96f7f10,null
A43AH00,false,false,false,4a940a8f-da16-3337-9aa4-c06b8b381aee,null
A44AD00,false,false,false,ceffb231-39f0-34ad-a974-4f84152372bd,null
A44AG00,false,false,false,dcc41c73-0efe-3f9d-aa95-2a6b83bcb76b,null
A44AH00,false,false,false,b410b089-aef3-39c8-a722-ed2fe4f048b7,null
A44AI00,false,false,false,90ee392d-ea4b-3439-a422-8f977e950718,null
A44AK00,false,false,false,4122edcf-19fb-3a9a-b1df-1f85e56764ba,null
A45AA00,false,false,false,879d36ee-81b7-3f8f-8322-bd86b532f5ee,null
A45AF00,false,false,false,c51cc86b-61c6-3e35-aa3a-6fd08f7ec07b,null
A45AG00,false,false,false,07a79133-a74a-3ba1-be31-fd793b3a9ea3,null
A46AAXX,false,false,false,43b7f9c6-21d3-3446-9617-8002a8c3d224,null
A46ACXX,false,false,false,ea68e88c-30a1-3475-8ff7-4f1e23c7e682,null
A46ADXX,false,false,false,80d5adaf-0bc7-3b89-9a2a-646c3b6f7c77,null
A46AEXX,false,false,false,9283b091-6523-3096-a58f-12503582ef0e,null
A46AF00,false,false,false,9b4faed6-f8aa-35b2-8a2b-6f40aa31fc82,null
A46AGXX,false,false,false,4846a189-7081-39f9-bfd1-5e391c5074aa,null
A46AI00,false,false,false,2d4c9d9a-0daf-3d72-bffa-542a57f92ea5,null
A46AJ00,false,false,false,a697f2e5-fc8c-337e-ad42-84eec5dbf5eb,null
A46BB00,false,false,false,5a78fc33-0d51-30be-8366-0c28b48b719f,null
A47AA00,false,false,false,fa1cf608-abdc-3c1a-af18-85df1e9a0964,null
A47AB00,false,false,false,910fab2b-8118-3003-9a15-241393b2f141,null
A47AG00,false,false,false,733a9728-3bbe-384d-a91a-b5e3cad8db4e,null
A50AA00,false,false,false,8ee9d37b-84d9-3c49-9b5d-cee777c42aec,null
A50AB00,false,false,false,cb26d057-82f4-3497-8aa7-1ce9c9680db8,null
A50AC00,false,false,false,47a98064-ec53-3922-9157-fb885a1a1e25,null
A50AD00,false,false,false,cfd71b49-f2d4-3c45-a9ff-cea6489a86e5,null
A50AE00,false,false,false,f2c7459d-77c5-396a-ab9c-47d059754c82,null
A50AF00,false,false,false,2d665bd0-bd0c-3ff6-9489-7114d71a02d0,null
A50AG00,false,false,false,3d32f973-0400-3639-bdde-32d5d7d594ee,null
A50AH00,false,false,false,760d8deb-4b79-3b10-9a61-53c3c1c40800,null
A50AI00,false,false,false,6771dc29-2e49-3ac5-8faa-876ebf186bc3,null
A50BA00,false,false,false,bd952ab2-bcfc-33a9-8715-ba6f9a31f940,null
A50BB00,false,false,false,f7fd2ea8-2b00-385f-97b8-a531ae3d0c72,null
A50BC00,false,false,false,a2e68e92-8ab2-32cc-b248-5f8cea3da092,null
A52AA00,false,false,false,78e638a6-0f2a-3e83-979c-d4340949b5d1,null
A52AB00,false,false,false,84b135ab-69fb-313c-9caf-b1df1ad9ebfb,null
A52AC00,false,false,false,ea85e408-ff5e-3f40-a7d8-56299cc0734e,null
A52AD00,false,false,false,fce49789-652e-3703-b8fb-735fa0d4352f,null
A52AE00,false,false,false,78bdefdf-b8c2-3be1-b444-819bfb0414cc,null
A52AF00,false,false,false,afb6509b-c6f6-3538-a7b5-cca9a42ca5c5,null
A52AG00,false,false,false,f0392cc0-f937-3bfa-95c4-84b4639ed071,null
A52AH00,false,false,false,667cd056-4d69-3881-9453-46ff5122ed16,null
A53AA00,false,false,false,6a6e52ca-b57a-308f-8824-1d38c07c2459,null
A53AB00,false,false,false,14e92f40-a935-3440-9e49-5752c8dde603,null
A54ABXX,false,false,false,70c3d553-7dcb-33e4-b0aa-e4676cfa974b,null
A54AD00,false,false,false,9a068b79-8222-31b8-8a02-3b9f9a03d128,null
A54AE00,false,false,false,6ae3c333-15a7-3a16-a380-9f23dff5432a,null
A54AF00,false,false,false,eebb4e2d-0cad-3c2f-b11a-7e62c8c9bf0c,null
A55AA00,false,false,false,3e809e9e-b8f4-3f41-b69f-ed1b9a78be5b,null
A55ABXX,false,false,false,ee21fd9c-807a-306b-be96-b1bc2eef8132,null
A55AC00,false,false,false,acb3a76e-1259-3322-83c0-7252a56cebf8,null
A55AD00,false,false,false,b28a6293-b342-3b72-88ab-e511de34fe76,null
A60AEXX,false,false,false,d05ac37f-9eb0-324c-b96b-b0adbf55a361,null
A60AG00,false,false,false,7892ac79-625e-301d-9ee5-a0fc64539b7b,null
A60AH00,false,false,false,469a4d33-7a0b-3795-ae56-c3085af7269e,null
A60AI00,false,false,false,d68ad928-f79f-370c-880e-598254bb4615,null
A61AAXX,false,false,false,6a9adfb5-5597-3c77-a7d4-1ca110de3266,null
A61ABXX,false,false,false,1299f25f-adc5-309c-9fe4-0e68f5eb1bc7,null
A61AE00,false,false,false,9c79d6ef-194c-3b25-a1e6-742754d8c7d7,null
A61AF00,false,false,false,55df6cac-3048-36b4-89b6-369d587196eb,null
A61AG00,false,false,false,8e0f5ba6-50b6-3770-acfe-7aa1114eee46,null
A61AH00,false,false,false,20a5d0ec-0319-3946-ab07-6459f65ba6f3,null
A62AAXX,false,false,false,b69e2026-d46b-3086-9a1e-7fbd452e9d1b,null
A62ABXX,false,false,false,361d606f-c091-3b78-8693-3af66b9a869e,null
A62AC00,false,false,false,359429e6-d2b8-326c-a61b-cb51104eee58,null
A62AD00,false,false,false,c6ea59be-5bc1-3d32-84cf-55a175d14020,null
A62AE00,false,false,false,58ed480a-dc9d-33cb-b76f-5055f8c37cb5,null
A62AFXX,false,false,false,07e56472-6758-3267-9693-032defe38018,null
A62AGXX,false,false,false,bdeb4514-d856-3cec-b774-d1b5fd5cb166,null
A62AH00,false,false,false,9ef80815-cb0c-344a-9a36-08b2e5fd11ac,null
A62AI00,false,false,false,99003682-db28-3ce9-a11a-9fd512400bfb,null
A62AJXX,false,false,false,bc7a7ff0-5759-3bab-8e10-eb83454f5ac8,null
A62AKXX,false,false,false,ac82be03-37a0-3311-8465-654f7af2fdab,null
A62ALXX,false,false,false,de87ce1d-176d-3186-9dc2-fb2990d8973d,null
A62AN00,false,false,false,163f5f29-7c1b-331c-806d-fb6a1fd1b617,null
A63AA00,false,false,false,b3faf3d6-5512-3a6c-8d68-a15b1a6175be,null
A63AB00,false,false,false,8cb12854-ba05-3a0a-8b83-2197f261107d,null
A63ACXX,false,false,false,7052789d-737f-3775-b336-68e5ff08597a,null
A63ADXX,false,false,false,99774518-0244-352f-a360-a96ac619ce11,null
A63AEXX,false,false,false,15139527-09f2-380e-9b1f-48c10aa38ce6,null
A63AFXX,false,false,false,5b6355e1-4f9b-3ffd-a473-01b99539609a,null
A63AG00,false,false,false,ddc73222-0c56-3a5e-82f5-96256d36535b,null
A88AA00,false,false,false,2a21fc03-54ef-3e48-9bab-18a7de198fc7,null
A88AB00,false,false,false,a2d68169-b55f-32b9-85df-8c65d035b2ec,null
A88AC00,false,false,false,74b1c181-de6c-3e6f-8973-39edb47929f5,null
A88AD00,false,false,false,0965c6fd-567e-3602-ae71-11cdc0371019,null
A88AE00,false,false,false,a2ff05a1-1f2f-31d4-8854-a5f39f1c1478,null
A88AF00,false,false,false,7705aeca-faa9-3dd7-a6c7-fa9ad3ebe051,null
A99XX00,false,false,false,2cc7b108-a390-3b68-bb5b-ebfa2373e609,null
B01BH00,false,false,false,7e967376-eacf-4fca-9b30-21b0c5aad427,35
B01CE00,false,false,false,a25848d6-d96e-4a52-8c54-de55b6542afc,58
B01CN00,false,false,false,d5873aa4-7618-4a01-8914-cd41ff0bbdc1,66
B01CX00,false,false,false,35982b84-5056-4306-bf70-b010e6a95a9f,77
B01DU00,false,false,false,c133d0de-c989-48b9-bd20-0431943e347e,100
B01EF00,false,false,false,31b3d313-7a7c-4598-bb4b-c1bff9b00e26,111
B01FA00,false,false,false,b6a48a7e-8eb8-435d-8f93-1ef86a6daee2,133
B01GQ00,false,false,false,ea023380-f927-49e0-ab09-2f08627cb127,21
B01GU00,false,false,false,122b6b6b-6a6a-4f2f-8885-23ec28508e73,180
B01IX00,false,false,false,67aa82ba-67bb-4699-8176-5f572048352b,421
B01KR00,false,false,false,0c28787f-536d-410c-ad22-ebb2810ec67a,281
B01LA00,false,false,false,9030abef-0f04-4b71-8e0f-d29841365ae2,290
B01LY00,false,false,false,f8254db1-1683-483e-afb3-b87fde5a0a26,314
B01MN00,false,false,false,879ddc11-afd1-4f9a-b8fb-f466170ecdb2,329
B01ND00,false,false,false,0d44a8b4-38e4-4eb3-85eb-5c29601e8285,345
B01NM00,false,false,false,00277559-2bd9-42d4-b96e-a020f7a88297,355
B01OK00,false,false,false,d9bff7d8-6168-4163-ad77-3b98d61de174,379
B03AX00,false,false,false,202f69ef-29a7-3be1-87af-241f936ccf3a,24
B03DE00,false,false,false,c84cb65f-9db2-3532-91a5-bd34468e663e,84
B03OT00,false,false,false,fa28d4fe-23a7-3496-9697-e4b9defecbda,388
B04BP00,false,false,false,e1f5c483-466e-322a-8f04-8e32d1c8211b,43
B04BQ00,false,false,false,958e6c90-dca4-3d61-9252-480e0daa3597,44
B04CO00,false,false,false,1199b9c9-5b26-3de3-9c48-37d3c593d4a0,68
B04DS00,false,false,false,be8f26cb-2d09-342d-834e-0bfe1fbffa41,98
B04HQ00,false,false,false,ecd86f35-1c8e-3b82-aec1-c4850f71b00f,203
B04KO00,false,false,false,6b038c67-4be4-374d-a92e-3765af6d4d08,278
B05BK00,false,false,false,9d5798b5-1fda-34cb-89de-3317f9b24c3e,38
B05BW00,false,false,false,d21da19d-4583-383a-8acc-13b3091e1756,50
B05GP00,false,false,false,a1298789-f2e5-31da-b9a2-f9010ae35d5b,515
B05PK00,false,false,false,0b9417b8-91b4-385d-9e01-069855777c4f,213
B06AN00,false,false,false,40725a45-9ded-3c1b-908f-88b6a766fe40,403
B06BV00,false,false,false,80940451-3172-3161-ab95-bd5a1b215a7f,49
B06IS00,false,false,false,e6986943-68d9-36fc-bbd0-68fa32efdd4f,401
B06MK00,false,false,false,7c75ae61-a894-3304-a96c-6d1c7ea477a0,326
B06OJ00,false,false,false,ffa8116b-86b6-3772-ad36-d7a154bd1362,378
B07DM00,false,false,false,94bfe02b-c901-3d36-a676-24791a8bbe7b,92
B07ED00,false,false,false,1d477ab6-1434-3419-bfa1-daaf6b6e843a,109
B07FQ00,false,false,false,cb2ff1e3-e68e-3037-a563-1a0fcc165273,364
B10BD00,false,false,false,863b04f7-64c4-3177-968d-716bf6ef11cb,31
B10BF00,false,false,false,03e66009-578f-3f45-bfd9-7e1580bc999c,831
B10FR00,false,false,false,69e474a4-3590-3731-ac3b-79835d76a4bb,151
B10JJ00,false,false,false,102c59b7-f8d9-3888-8edd-347f4afb71e1,null
B10JL00,false,false,false,1b73c7dd-bef1-33f4-81f5-fbfa092d4c49,248
B10JQ00,false,false,false,3be4e1f9-36a4-3080-bcb4-6da5975b4d6e,254
B10LX00,false,false,false,edb3379f-e4c9-3bc9-956f-928adc233086,313
B10MR00,false,false,false,f9a0f380-d391-37d4-a82d-2aea3c19e2a5,333
B11EI00,false,false,false,60412bc0-0564-37f5-bfef-69d0e03a8113,114
B11JP00,false,false,false,c8594aee-b5ff-3c86-a707-a67cbaf7bb11,253
B11KF00,false,false,false,055be739-6467-35d2-b9e3-0080a2032bc9,269
B12GH00,false,false,false,9fdb72fc-0416-3a8f-95bd-cfc7e98426c2,167
B12JR00,false,false,false,22c69328-70af-3e27-80c5-1a79e24903d2,255
B12LK00,false,false,false,789a3177-0028-3313-86cd-a4c12e2c7153,300
B12LT00,false,false,false,f9586d1a-7727-3533-acca-4705d4416000,867
B12PA00,false,false,false,ec7b89e8-d647-3d12-9eee-e5cd06a0533f,395
B13CC00,false,false,false,3b9a61dd-d484-3ee7-a0b8-5954aea415bc,56
B13HD00,false,false,false,962c3466-f781-37fc-91ca-427160896aca,189
B13HT00,false,false,false,b78d02fe-8b45-30f5-8550-e5ee2cd51ec6,206
B14AV00,false,false,false,ad7d1b2d-a7ca-3a88-9881-cebca96c3c17,22
B14ET00,false,false,false,1798a45e-310e-3919-9609-d5df7140f7c6,125
B14LO00,false,false,false,c6109202-ba86-3789-aa6a-91a8578af8d9,304
B16BG00,false,false,false,dd22b110-7fbc-3036-a076-e4bb40d0a519,34
B16CJ00,false,false,false,533c2976-fefc-3a6f-a205-69c2dd479af7,62
B16GB00,false,false,false,dc0029b1-ceca-3209-86a2-e662c703e1ce,161
B16HE00,false,false,false,813361c1-3a59-330b-85bb-5bd22814e51b,190
B17JA00,false,false,false,26ed2f88-a94c-3ad6-95c4-daede2e673d5,239
B20BL00,false,false,false,fb423eb7-3f90-31ba-8ba1-984ff832ba53,39
B20EB00,false,false,false,2608ebcc-d643-4260-8175-b8a24ac5cae5,107
B20EY00,false,false,false,5c99d2a9-fbc6-3cc1-a97f-475015714afa,130
B20NQ00,false,false,false,f28b088c-910b-30a3-9b89-977e2fab2a1f,359
B20OQ00,false,false,false,e0276cca-1289-3b2a-a77d-46958f81eaa3,385
B21DA00,false,false,false,6f6e0a54-367d-31f5-94c6-87e6c473a8f9,80
B21JI00,false,false,false,bab6ad2d-e25c-367c-9b4f-4a4d6b1d1edb,247
B22GR00,false,false,false,bfadeef4-2fbf-39a0-bad4-8aab1124427d,177
B22HM00,false,false,false,07c2d726-005c-323d-896e-d243bd3b800f,198
B22KS00,false,false,false,39fe3360-b3b5-3285-a3df-a75feb4e463c,282
B22MZ00,false,false,false,a65fdaf9-e94e-349d-bd60-eb8a3b23f3dc,341
B22OS00,false,false,false,5d5bb965-e149-38fe-9f87-d34c30455e7e,387
B23HS00,false,false,false,c50bbdea-bea9-4ed2-a9ef-2d090e425fc3,205
B23PP00,false,false,false,ebb1d244-8231-4729-9031-0bf15eddb5d7,287
B30PG00,false,false,false,01cfe611-ec22-3e55-b212-aa3230c461cb,397
B30PI00,false,false,false,14876ea1-5f7c-32ef-9fbd-aa0b63193550,398
B31IT00,false,false,false,3edbef6e-e597-3488-b66d-23c50ff2572a,231
B31JV00,false,false,false,4deaecb5-3b56-3674-b6f1-e2e465be97fc,259
B32BX00,false,false,false,1cedd568-dac5-3fd2-aff8-23e3db2a76da,51
B32HX00,false,false,false,e123ef4f-dc81-3298-ab87-12a2448a3d94,210
B33HU00,false,false,false,af5f6f16-a509-3882-82ec-5d94e562964f,207
B33II00,false,false,false,a096faf8-3f40-3ea2-85ea-b6ed0eb44134,221
B34JS00,false,false,false,9a85eeba-f5db-3338-b159-dd75e3b184f9,256
B34NX00,false,false,false,16ed5e59-40bb-3e05-b525-4ddfbb8fca13,366
B35CZ00,false,false,false,210bf1ba-e253-3516-96df-949be917b383,79
B35HF00,false,false,false,d75fee2a-17cf-3e91-ad72-7e8fd463ec62,868
B35KE00,false,false,false,2565ecb5-bd1b-3810-9520-f1db1ed94f95,268
B36FZ00,false,false,false,f56da5fa-3794-375d-afb3-98a9376c9e38,159
B36HN00,false,false,false,f4154d00-df61-34ac-b314-01b09a497179,199
B36JU00,false,false,false,dbb2a246-6d75-330c-83df-a13670e3f8fc,258
B37HI00,false,false,false,937eff71-a72c-3a3c-8cd3-58e87dc7efbd,194
B40BC00,false,false,false,8800669e-6946-31f3-b89e-4894e1c83ba1,824
B40IM00,false,false,false,785339c1-af71-3322-a55b-ba255e0db1c2,225
B41ME00,false,false,false,f205f2f8-28b4-308c-b871-ec4b9d8e770c,320
B41MJ00,false,false,false,b324e253-dd45-31f6-baf3-695d87fbde46,325
B41US00,false,false,false,a27d6ef0-42ec-360d-b62a-7cb855641b3c,532
B42AZ00,false,false,false,7f9765ed-2371-3beb-9abb-502e27c49015,26
B42CM00,false,false,false,07178fbe-4b93-37d0-99c4-4859ffaa23a2,88
B42CO00,false,false,false,87d087da-91bb-351c-922f-f47e3108c2c7,103
B42MB00,false,false,false,8db9415d-ce8c-38aa-893b-34d592cf39f0,317
B43AJ00,false,false,false,9b5cbf98-c78e-3c39-92ea-eeaea43cd9f7,802
B43AQ00,false,false,false,37cf9080-fe0a-3e03-9301-d7bda97acf79,17
B43IQ00,false,false,false,cf2ae997-9951-377d-8448-7ff4c50fdef6,228
B43JC00,false,false,false,8de240ea-8e6f-33fb-89b4-31af7be3e85a,241
B43KB00,false,false,false,9bafd21f-71cc-3a12-807e-b8dca555cb71,265
B43KQ00,false,false,false,49db2271-1941-3847-a7fb-dbd92b035e40,280
B43LV00,false,false,false,76313f91-4103-37d0-9eae-ce5bdf652986,311
B43OX00,false,false,false,497cb631-fc89-36f2-86fa-3bd1e0ca93ba,392
B44AG00,false,false,false,204d3dbb-a4d4-331b-a52c-07182c55d9bc,7
B44BA00,false,false,false,4b6185e1-92f2-3634-b749-87d2fcadf1c8,27
B44JK00,false,false,false,2d5444ea-a5cf-3c69-8d8b-8993397724f3,249
B44KM00,false,false,false,403b489c-8fff-3e49-8864-570de4bc1c65,276
B44MA00,false,false,false,328b735a-8c89-3ae8-9d47-139be8ff60af,316
B44WZ00,false,false,false,b098516c-27b2-3b5a-aa0d-1cefb85c42c5,865
B45GC00,false,false,false,62265a33-1522-3a99-ad3f-2c044cff9044,162
B45MH00,false,false,false,7123f3f5-92f8-3af4-8cf4-fbf22dec2c66,323
B46DB00,false,false,false,7ab2c242-cdc0-3b44-bf18-f3df760ec6e3,81
B46DH00,false,false,false,12ce746b-069f-372e-912e-d109ad30775e,87
B46FO00,false,false,false,4260477e-88a5-34ec-8de8-be4591dd2ae0,148
B46IR00,false,false,false,68c7e9af-2db7-3fc3-b6e8-e51653120790,229
B46IU00,false,false,false,1854c858-7b9a-3051-9bec-fccd4f98be22,232
B46LN00,false,false,false,704e0cb1-edd6-3e88-a5ed-56e4e48a965e,303
B47CL00,false,false,false,0140f84c-e7cb-3fba-96a1-1878b42ee546,64
B47EC00,false,false,false,9b21d406-70e8-366b-9b38-d59f3d16a0dd,108
B47FB00,false,false,false,3b4772ec-441b-36a7-a25f-1579c4d2e04b,134
B47GL00,false,false,false,5289a961-b36a-3000-b09d-d2cdd9914dfd,171
B47HB00,false,false,false,cc1ff95c-3e36-3722-bb1f-e1a3b081c630,187
B47OV00,false,false,false,c71df6f5-3613-396d-9b11-766d9620126c,390
B50AW00,false,false,false,40815e50-d721-30ce-9087-9846fb93e62c,23
B50BU00,false,false,false,86c63f57-c48b-34a9-9ba9-9893cddbfa72,48
B50FI00,false,false,false,7b78f63c-52a0-3fc8-a0bc-0d9eb131bfca,null
B50JO00,false,false,false,505ab441-46e2-3130-8746-9375448fd45c,252
B50KH00,false,false,false,ea5b97f1-cbd0-3412-9998-a7580dc86edf,271
B50NL00,false,false,false,f06983d7-e98d-3125-8e5a-df2e32fab97c,353
B50VR00,false,false,false,48ed5a8b-cb31-3590-9aea-5a1a76a0dde8,141
B52BB00,false,false,false,44e538a6-9127-352d-89bf-6e6cce1d3a26,28
B52CM00,false,false,false,1a359d44-6b52-3919-b052-065413e4a801,65
B52MY00,false,false,false,2c45bc8c-f4b3-3163-bf09-f32d80d4b6cb,340
B52OC00,false,false,false,1ab72b25-7073-355e-b835-32809842269d,371
B52OZ00,false,false,false,c4119ad1-3330-334b-a244-d775cce1b973,394
B53DJ00,false,false,false,394f75cb-ce37-352e-9426-632bcaaa9e9e,89
B53DT00,false,false,false,003245ab-10cf-3145-8364-e30e72892d95,853
B54MW00,false,false,false,0f418409-301c-39df-89a2-f3989859f953,338
B54WV00,false,false,false,6a60303f-7cfa-343b-b08c-89dfc2450e7c,299
B55IS00,false,false,false,dae31b08-4079-348a-aebf-ca68822280f0,53
B55KL00,false,false,false,c18e51c1-e9eb-365c-92a4-8f3f10bbcb95,274
B55OE00,false,false,false,f1df0f20-ba61-3fd8-9fe2-767c52d90bc3,373
B60ID00,false,false,false,72840e9d-1fa0-3980-8088-31f49bc40312,216
B60JE00,false,false,false,79cdb9ca-ab9e-392f-be8d-247644af6379,750
B60OW00,false,false,false,1a503f78-3e62-3816-b969-c0645654e2b2,751
B60WU00,false,false,false,59921cfe-1726-3593-807a-df3e741e2373,73
B61EH00,false,false,false,bfe68b2a-16c7-37dc-997f-5b4ada947d28,113
B61NP00,false,false,false,fb046bcb-2329-3084-a6bb-c4d1934bd0ac,722
B61WY00,false,false,false,54769640-159b-3b54-acb1-444c029e311a,811
B62DC00,false,false,false,153ac9f3-bf7a-3616-8749-bf44a749a470,82
B62IZ00,false,false,false,9cb28565-d38d-35c1-9044-1f6ac802a669,238
B62MV00,false,false,false,e2c7c585-4748-322c-9148-125c5d9f7981,337
B63AD00,false,false,false,662d4ac8-ad0e-37dc-b25b-29c411ca3fdc,4
B63GN00,false,false,false,7ee13cc3-0db1-368d-809e-6abdba75f18e,173
B63IC00,false,false,false,19d0b128-0ead-3e84-914e-2bbb2c0c3371,838
B63IE00,false,false,false,8e453414-be05-3cd2-b568-d6957c0f0c9b,217
B63NZ00,false,false,false,5aeb6655-1964-3b82-bfdf-a624103389fc,368
C01BL00,false,false,false,89592405-c29b-3706-b1d3-b1dd3a08b227,428
C01CE00,false,false,false,44497da7-ec8d-3137-94ad-ff7c0c57827a,413
C01CJ00,false,false,false,c6397c37-7217-3977-bfb3-11b0d9d7f9fd,613
C01CY00,false,false,false,07e45c88-9e5d-3e44-b664-d5345bb13be2,418
C01HA00,false,false,false,a05557d1-6500-35c5-86fe-6a53559cc810,468
C01IL00,false,false,false,64e16502-f3ac-3a35-bbc7-3b1c326bf64c,440
C01IS00,false,false,false,8aa112d1-a804-3751-898d-cad29c246a66,475
C01KT00,false,false,false,f4f9d37b-7ffd-3cb7-b089-2d342037f884,427
C01SN00,false,false,false,8cea5952-851a-3142-8a0a-f80c91368ccd,453
C01SW00,false,false,false,63c1045a-7e41-3b6f-b2ae-df49086ac34e,471
C01WG00,false,false,false,fac329cc-fc03-337c-b911-55f4d013d090,469
C01WL00,false,false,false,7a9fc937-09ff-31f2-aa4e-b835d93082ba,472
C03CL00,false,false,false,6891ecc6-de7f-37ce-adbe-e8133dc51978,412
C04BU00,false,false,false,1984b2dd-fd27-3de5-a235-cf54e187e89a,409
C04LA00,false,false,false,91b8192a-ebf8-3a16-9a7b-a549e7492267,848
C04PR00,false,false,false,8fc6a39b-4062-3114-8eb4-6d165042b382,448
C05LV00,false,false,false,9b583616-049b-30f9-a14f-028a53b7cfe8,433
C06BO00,false,false,false,4e39fcf8-74c0-382f-b5eb-fce8b4e54df5,470
C06MC00,false,false,false,e3e762ed-8271-3454-b59b-8a13f7cc8870,435
C06MM00,false,false,false,3e09f83a-8754-3c2c-869f-ce37d3d409f1,436
C07CA00,false,false,false,4adfe0cb-b2bd-3436-bab9-1e925926dd9c,755
C07CS00,false,false,false,ac9e6303-fdf4-3669-a20b-5d234bfc5f8b,415
C07MO00,false,false,false,09169468-ecbb-3afe-8f4d-c07b74fc3c6e,438
C07WA00,false,false,false,e72eba48-4205-36f8-a8e8-fd796077e671,864
C10NE00,false,false,false,8de7f2e2-5705-3be5-af9a-321a891ab708,439
C11DU00,false,false,false,11923753-d888-344e-b596-0fd1f5710ef5,422
C12YO00,false,false,false,5c05370f-e7e9-3b40-b0f7-12843b423271,467
C13BR00,false,false,false,73866e7b-9b66-3435-9ead-3563d9c8893b,402
C13LE00,false,false,false,e2d7754e-89ba-309f-8da5-08a8283258a7,429
C14DN00,false,false,false,4d9ebe26-f50f-39af-9116-cb0759223de1,851
C14SH00,false,false,false,61bc7c3d-3da6-34fd-92ce-35d855fe964a,451
C16GR00,false,false,false,7ceaccd8-9d6f-3349-be78-004b6e08c2a9,425
C16HU00,false,false,false,58eeccdb-fef2-36c7-8965-0e059b494279,803
C17TE00,false,false,false,854248a4-d831-3ac0-a3b6-2f7993be81fb,460
C20BI00,false,false,false,d27cde94-8752-3fc5-adb0-6d6a6fb9b9a8,404
C20CO00,false,false,false,1e6f8561-2dff-3161-b7b3-6dcd679e7c65,880
C20WO00,false,false,false,9c207c41-a4ef-3dd0-9d7f-93d9b395ed26,821
C21SF00,false,false,false,997a2349-58a9-38c8-a225-9346b30b03a9,455
C21SK00,false,false,false,cf0108e8-4653-324c-b4cb-8346e1d55c64,456
C22HE00,false,false,false,fb183d63-77f4-3b3c-b397-de88c84a7408,866
C22SR00,false,false,false,892b48df-86ae-3303-b87b-6cb7b375fb44,452
C22SW00,false,false,false,26bd061d-e8a7-3735-98d6-3bfda77e449b,null
C22WC00,false,false,false,f4b70f24-131b-32a3-b901-342082bf9615,466
C23WR00,false,false,false,7b65d7bf-f769-3538-8501-929e83d76052,463
C30DE00,false,false,false,6131bd34-33d9-3d1e-8152-8b5a2084f1bd,419
C31NT00,false,false,false,e2b8580f-5247-30f9-905f-4b8136b23318,444
C32LI00,false,false,false,4957492e-0397-352a-9660-7f1d985504bc,432
C33LC00,false,false,false,770cee52-a195-38ff-ae6d-dfa7d037d2cb,430
C34NO00,false,false,false,80794770-dba8-347f-af42-92206759eadb,442
C35CM00,false,false,false,1868f485-d814-36d1-ad92-6ed6330693bc,410
C35PE00,false,false,false,cec85638-2a31-3369-ad65-257c56e64d42,473
C36KL00,false,false,false,228ab44c-950e-3acf-90f9-2885411b448f,843
C36NR00,false,false,false,07c66c4d-5af4-3ae6-9201-55e047e30364,443
C37IP00,false,false,false,f8f5f4e8-2b1e-36f9-9653-3be2c84c4a13,426
C40LU00,false,false,false,f2cedc01-cbeb-3b81-95b9-549da128c303,476
C41ST00,false,false,false,0e0bb700-0384-37bd-954e-da2645e55610,450
C42BS00,false,false,false,4d3332e0-d6de-37a9-b638-b14e8a944cd6,461
C42CF00,false,false,false,d3676509-c54d-39b9-80a1-41baf7fe115c,414
C42SE00,false,false,false,b54f2af5-b04e-3fdb-8909-5bd59e634610,861
C43AY00,false,false,false,ac2a72fd-1131-3e18-a84f-0dfe82d70d7a,801
C43OX00,false,false,false,f6a60ab7-b12e-335c-bdf6-ba592d6dd3d1,445
C43RE00,false,false,false,64fff5a8-f1b7-3ce2-bc6d-52b776b2e373,449
C44NI00,false,false,false,2b2f1113-6abe-3657-aaa3-8e316bdf8559,478
C44PO00,false,false,false,de269b85-dc14-333d-8aee-801b69bf35df,447
C44SA00,false,false,false,2144babb-bf4b-35e0-a56d-a1721bccb00c,454
C44WI00,false,false,false,00901933-9e71-3fea-8957-8a9f6556c6b1,465
C45GU00,false,false,false,161141dc-a01f-3b0a-85d1-7a90a8099b6a,474
C46CN00,false,false,false,cb73af4e-2ef9-3b26-aa27-fd9d3aaf9f32,479
C46MA00,false,false,false,f491ac8a-ecb0-3d89-8106-0059a481b070,434
C47CC00,false,false,false,b943386e-7002-394e-a9a4-1ae02198fa78,416
C47LW00,false,false,false,049b5d11-e3dd-356f-b742-bd5e71eb7af6,431
C50EX00,false,false,false,faa91bb2-19cb-384b-bcc1-06d31d12cc67,423
C50PL00,false,false,false,d78d470e-ad3d-3699-b30d-4b53c6cb6512,446
C50TR00,false,false,false,82d03382-ed89-3534-b36b-d476e65bd915,477
C52BT00,false,false,false,1a967f10-7ee6-39a8-9d0a-5225dcf042bc,408
C52TA00,false,false,false,564feb00-74ad-3e50-be53-fde5fb423db2,459
C53GL00,false,false,false,c328aa35-27df-3f40-962c-afad59c2e6df,424
C54SD00,false,false,false,67ff9f02-09e8-3d84-9433-7837e0f44762,458
C54SL00,false,false,false,0ccf5330-2847-38d6-8744-3e09a642a77d,480
C55BN00,false,false,false,20ca2eaa-dead-3c93-b4b4-16d0d837ced3,406
C62CR00,false,false,false,012dc434-8baf-368c-ae14-0921dc5cabbd,411
C62MT00,false,false,false,7ff8cec8-925a-35fd-a106-d0ed36bde51e,437
C62NG00,false,false,false,791c275f-f89d-35a0-8dce-53f952216e12,812
C62SS00,false,false,false,ddce58c9-446f-33f4-89cb-914ed173dfb8,457
G94DV00,false,false,false,c91de6b4-6a3a-331b-a93f-4c07f24bb2fb,null
GAAAA00,false,false,false,ba9f4b3b-5e9a-382f-bfe8-e15d10d19bc8,null
GAAAB00,false,false,false,8f961f2b-c2b3-3309-9a3b-d6ffa5ba4df4,null
GAAAC00,false,false,false,66c736a8-38b4-3d1b-a87f-3d560227950a,null
GABAE00,false,false,false,d7254ff3-4379-3d58-94ba-2cf72dcb5b30,null
GAEAA00,false,false,false,1b6fcbc7-7791-3380-b4d0-9360281c7898,null
GAEAB00,false,false,false,e483a922-a9be-3c5c-933d-edadc9fa97d8,null
GAEAC00,false,false,false,d1aa9392-e5f1-375d-827a-5fa440551801,null
GAEAD00,false,false,false,15ea543b-b9a2-3990-b6b1-28c4c5e07c9c,null
GAEAF00,false,false,false,6657a9cd-ec35-3193-b32c-99ef76808aa1,null
GAFTL00,false,false,false,04542b42-c799-3026-b9b8-e80aa04a0418,null
GAGTW00,false,false,false,829d8025-3fe6-39e7-abc5-881bb337cde1,null
GAHWV00,false,false,false,ed7c1903-7954-3942-9e3c-c9fe0df19792,null
GAJMC00,false,false,false,faa3bc80-4d5e-3d34-988a-ac3fe950151e,null
GAKSC00,false,false,false,fed438f9-6327-3ea8-ae3b-f7d5c497fc56,null
